2025-12-09_11-08-53,0,draft.py:2025-12-09_11-08-53
2025-12-09_11-08-53,0,draft.py:2025-12-09_11-08-53
2025-12-09_11-43-18,0,draft.py:2025-12-09_11-43-18
2025-12-09_19-50-33,0,draft.py:2025-12-09_11-43-18
2025-12-09_20-37-32,0,draft.py:2025-12-09_11-43-18
2025-12-13_18-27-14,100,draft.py:2025-12-13_18-27-14
2025-12-13_18-27-23,100,draft.py:2025-12-13_18-27-14
2025-12-13_18-27-24,100,draft.py:2025-12-13_18-27-14
2025-12-13_18-27-24,100,draft.py:2025-12-13_18-27-14
2025-12-13_18-27-24,100,draft.py:2025-12-13_18-27-14
2025-12-13_19-01-17,100,draft.py:2025-12-13_19-01-17
2025-12-13_19-01-17,100,draft.py:2025-12-13_19-01-17
2025-12-13_19-01-17,100,draft.py:2025-12-13_19-01-17
2025-12-13_19-01-18,100,draft.py:2025-12-13_19-01-17
2025-12-13_19-03-47,---,draft.py:2025-12-13_19-03-47
2025-12-13_19-07-57,---,draft.py:2025-12-13_19-07-57
2025-12-13_19-09-54,---,draft.py:2025-12-13_19-09-54
2025-12-13_19-14-26,---,draft.py:2025-12-13_19-14-26
2025-12-13_19-15-39,---,draft.py:2025-12-13_19-15-39
2025-12-13_19-20-09,---,draft.py:2025-12-13_19-20-09
