2025-12-09_21-28-13,100,draft.py:2025-12-09_21-28-13
2025-12-10_10-28-42,100,draft.py:2025-12-09_21-28-13
2025-12-10_10-28-43,100,draft.py:2025-12-09_21-28-13
2025-12-10_10-28-43,100,draft.py:2025-12-09_21-28-13
2025-12-10_10-28-44,100,draft.py:2025-12-09_21-28-13
2025-12-10_10-28-44,100,draft.py:2025-12-09_21-28-13
2025-12-10_10-29-18,100,draft.py:2025-12-09_21-28-13
2025-12-13_14-39-09,100,draft.py:2025-12-09_21-28-13
2025-12-13_20-00-30,100,draft.py:2025-12-09_21-28-13
2025-12-13_20-00-42,100,draft.py:2025-12-09_21-28-13
2025-12-13_20-00-43,100,draft.py:2025-12-09_21-28-13
2025-12-13_20-00-43,100,draft.py:2025-12-09_21-28-13
2025-12-13_20-04-41,0,draft.py:2025-12-13_20-04-41
2025-12-13_20-22-48,0,draft.py:2025-12-13_20-04-41
2025-12-13_21-19-03,100,draft.py:2025-12-13_21-19-03
2025-12-13_21-28-40,100,draft.py:2025-12-13_21-28-40
2025-12-13_21-28-40,100,draft.py:2025-12-13_21-28-40
2025-12-13_21-28-41,100,draft.py:2025-12-13_21-28-41
2025-12-13_21-28-41,100,draft.py:2025-12-13_21-28-41
2025-12-13_21-28-55,100,draft.py:2025-12-13_21-28-55
2025-12-13_21-28-56,100,draft.py:2025-12-13_21-28-55
2025-12-13_21-40-03,---,draft.py:2025-12-13_21-40-03
2025-12-13_21-47-49,0,draft.py:2025-12-13_21-47-49
2025-12-13_21-48-17,0,draft.py:2025-12-13_21-48-17
2025-12-13_21-48-17,0,draft.py:2025-12-13_21-48-17
2025-12-13_21-48-17,0,draft.py:2025-12-13_21-48-17
2025-12-13_21-48-58,0,draft.py:2025-12-13_21-48-17
2025-12-13_21-50-50,0,draft.py:2025-12-13_21-48-17
2025-12-13_21-55-41,0,draft.py:2025-12-13_21-55-41
